{
    "imgHeight": 375,
    "imgWidth": 500,
    "objects": [
        {
            "deleted": 0,
            "draw": true,
            "id": 0,
            "label": "food",
            "polygon": [
                [
                    0.0,
                    219.34931506849313
                ],
                [
                    0.0,
                    139.72602739726025
                ],
                [
                    15.410958904109588,
                    108.90410958904108
                ],
                [
                    33.390410958904106,
                    85.27397260273972
                ],
                [
                    60.61643835616438,
                    59.58904109589041
                ],
                [
                    86.30136986301369,
                    37.5
                ],
                [
                    126.36986301369862,
                    13.86986301369863
                ],
                [
                    162.32876712328766,
                    0.0
                ],
                [
                    359.0753424657534,
                    0.0
                ],
                [
                    403.25342465753425,
                    19.006849315068493
                ],
                [
                    434.0753424657534,
                    36.986301369863014
                ],
                [
                    460.7876712328767,
                    56.50684931506849
                ],
                [
                    482.8767123287671,
                    79.10958904109589
                ],
                [
                    499.0,
                    96.57534246575342
                ],
                [
                    499.0,
                    317.9794520547945
                ],
                [
                    482.3630136986301,
                    342.63698630136986
                ],
                [
                    455.6506849315068,
                    374.0
                ],
                [
                    64.72602739726027,
                    374.0
                ],
                [
                    41.0958904109589,
                    348.8013698630137
                ],
                [
                    20.54794520547945,
                    320.0342465753424
                ],
                [
                    0.0,
                    281.50684931506845
                ]
            ],
            "user": "Administrator",
            "verified": 0
        }
    ]
}