{
    "imgHeight": 334,
    "imgWidth": 500,
    "objects": [
        {
            "deleted": 0,
            "draw": true,
            "id": 0,
            "label": "food",
            "polygon": [
                [
                    197.65479452054797,
                    253.9315068493151
                ],
                [
                    140.0054794520548,
                    255.30410958904113
                ],
                [
                    118.50136986301371,
                    239.29041095890412
                ],
                [
                    106.60547945205481,
                    241.57808219178085
                ],
                [
                    85.55890410958905,
                    242.0356164383562
                ],
                [
                    71.37534246575343,
                    242.0356164383562
                ],
                [
                    78.69589041095891,
                    238.37534246575345
                ],
                [
                    90.59178082191782,
                    237.9178082191781
                ],
                [
                    113.92602739726028,
                    237.46027397260275
                ],
                [
                    82.35616438356165,
                    211.38082191780825
                ],
                [
                    70.91780821917808,
                    205.43287671232878
                ],
                [
                    69.08767123287672,
                    202.68767123287674
                ],
                [
                    68.17260273972603,
                    200.4
                ],
                [
                    68.63013698630138,
                    194.9095890410959
                ],
                [
                    68.63013698630138,
                    191.24931506849316
                ],
                [
                    81.88876276958003,
                    153.16231555051078
                ],
                [
                    92.12485811577753,
                    132.69012485811578
                ],
                [
                    103.49829738933032,
                    114.11350737797957
                ],
                [
                    108.04767309875142,
                    114.49262202043134
                ],
                [
                    115.29863013698632,
                    100.2
                ],
                [
                    106.60547945205481,
                    92.87945205479453
                ],
                [
                    103.86027397260276,
                    88.76164383561645
                ],
                [
                    96.08219178082193,
                    94.25205479452056
                ],
                [
                    83.27123287671233,
                    97.45479452054795
                ],
                [
                    70.91780821917808,
                    98.82739726027398
                ],
                [
                    61.3095890410959,
                    98.82739726027398
                ],
                [
                    50.328767123287676,
                    98.82739726027398
                ],
                [
                    31.11232876712329,
                    68.63013698630138
                ],
                [
                    20.13150684931507,
                    61.76712328767124
                ],
                [
                    17.84383561643836,
                    57.19178082191782
                ],
                [
                    15.556164383561645,
                    51.24383561643836
                ],
                [
                    20.589041095890412,
                    43.92328767123288
                ],
                [
                    27.90958904109589,
                    37.97534246575343
                ],
                [
                    37.060273972602744,
                    34.77260273972603
                ],
                [
                    56.276712328767125,
                    27.45205479452055
                ],
                [
                    75.03561643835617,
                    24.249315068493154
                ],
                [
                    83.27123287671233,
                    24.249315068493154
                ],
                [
                    76.4082191780822,
                    0.0
                ],
                [
                    176.15068493150687,
                    0.0
                ],
                [
                    181.18356164383565,
                    85.1013698630137
                ],
                [
                    173.4054794520548,
                    93.33698630136988
                ],
                [
                    201.3150684931507,
                    93.79452054794521
                ],
                [
                    348.1835616438357,
                    88.3041095890411
                ],
                [
                    343.1506849315069,
                    84.64383561643837
                ],
                [
                    319.81643835616444,
                    80.52602739726028
                ],
                [
                    286.87397260273974,
                    77.78082191780823
                ],
                [
                    319.81643835616444,
                    80.52602739726028
                ],
                [
                    342.69315068493154,
                    84.18630136986302
                ],
                [
                    349.5561643835617,
                    88.3041095890411
                ],
                [
                    366.02739726027403,
                    88.3041095890411
                ],
                [
                    393.47945205479454,
                    87.84657534246575
                ],
                [
                    405.8328767123288,
                    103.86027397260276
                ],
                [
                    408.12054794520554,
                    102.48767123287672
                ],
                [
                    444.322360953462,
                    146.33825198637913
                ],
                [
                    467.06923950056756,
                    180.83768444948922
                ],
                [
                    464.0363223609535,
                    185.38706015891034
                ],
                [
                    465.7698630136987,
                    192.6219178082192
                ],
                [
                    393.47945205479454,
                    245.69589041095892
                ]
            ],
            "user": "Administrator",
            "verified": 0
        }
    ]
}