{
    "imgHeight": 683,
    "imgWidth": 512,
    "objects": [
        {
            "deleted": 0,
            "draw": true,
            "id": 0,
            "label": "food",
            "polygon": [
                [
                    212.99679385955307,
                    505.6195741336595
                ],
                [
                    232.03287671232874,
                    497.7479452054794
                ],
                [
                    251.6808219178082,
                    494.0054794520548
                ],
                [
                    256.35890410958905,
                    416.3493150684931
                ],
                [
                    234.83972602739723,
                    408.8643835616438
                ],
                [
                    218.93424657534246,
                    396.70136986301367
                ],
                [
                    177.7671232876712,
                    348.9849315068493
                ],
                [
                    80.46301369863014,
                    237.64657534246572
                ],
                [
                    49.58767123287671,
                    197.41506849315067
                ],
                [
                    43.97397260273972,
                    181.50958904109586
                ],
                [
                    43.97397260273972,
                    170.2821917808219
                ],
                [
                    53.38907806785218,
                    152.99293731870344
                ],
                [
                    66.27796695674104,
                    139.65960398537015
                ],
                [
                    83.26986301369863,
                    124.43698630136986
                ],
                [
                    95.43287671232876,
                    116.95205479452054
                ],
                [
                    108.53150684931506,
                    111.33835616438355
                ],
                [
                    116.95205479452054,
                    104.7890410958904
                ],
                [
                    122.56575342465753,
                    92.62602739726027
                ],
                [
                    128.17945205479452,
                    88.8835616438356
                ],
                [
                    131.92191780821918,
                    86.07671232876712
                ],
                [
                    135.66438356164383,
                    86.07671232876712
                ],
                [
                    142.21369863013697,
                    86.07671232876712
                ],
                [
                    145.02054794520546,
                    91.6904109589041
                ],
                [
                    145.02054794520546,
                    97.30410958904109
                ],
                [
                    145.02054794520546,
                    97.30410958904109
                ],
                [
                    149.69863013698628,
                    100.11095890410958
                ],
                [
                    158.11917808219178,
                    95.43287671232876
                ],
                [
                    170.2821917808219,
                    89.81917808219177
                ],
                [
                    179.63835616438354,
                    88.8835616438356
                ],
                [
                    193.67260273972602,
                    89.81917808219177
                ],
                [
                    205.83561643835614,
                    90.75479452054793
                ],
                [
                    220.80547945205478,
                    87.94794520547944
                ],
                [
                    238.5821917808219,
                    79.52739726027397
                ],
                [
                    273.2,
                    75.7849315068493
                ],
                [
                    316.23835616438356,
                    75.7849315068493
                ],
                [
                    349.92054794520544,
                    82.33424657534246
                ],
                [
                    366.7616438356164,
                    89.81917808219177
                ],
                [
                    383.6027397260274,
                    107.5958904109589
                ],
                [
                    412.6068493150685,
                    113.20958904109588
                ],
                [
                    454.70958904109585,
                    130.05068493150685
                ],
                [
                    473.1229663261446,
                    140.87930382141508
                ],
                [
                    485.5849315068493,
                    156.24794520547945
                ],
                [
                    492.2340774372556,
                    167.54597048808165
                ],
                [
                    493.0698630136986,
                    180.5739726027397
                ],
                [
                    490.9007441039223,
                    189.76819271030382
                ],
                [
                    483.71369863013695,
                    203.9643835616438
                ],
                [
                    450.9671232876712,
                    241.3890410958904
                ],
                [
                    309.6890410958904,
                    403.25068493150684
                ],
                [
                    295.8615230834816,
                    409.70215622325827
                ],
                [
                    281.62054794520543,
                    411.6712328767123
                ],
                [
                    276.94246575342464,
                    493.0698630136986
                ],
                [
                    306.88219178082187,
                    502.4260273972602
                ],
                [
                    327.4657534246575,
                    512.7178082191781
                ],
                [
                    338.6931506849315,
                    523.0095890410959
                ],
                [
                    348.9849315068493,
                    535.172602739726
                ],
                [
                    357.72039349224315,
                    547.3202169252113
                ],
                [
                    361.72039349224315,
                    562.4313280363224
                ],
                [
                    361.2759490477987,
                    584.2091058141001
                ],
                [
                    356.8315046033543,
                    601.5424391474334
                ],
                [
                    348.83150460335435,
                    613.5424391474334
                ],
                [
                    336.83150460335435,
                    625.9868835918777
                ],
                [
                    319.05372682557663,
                    637.9868835918777
                ],
                [
                    300.33287671232875,
                    643.7041095890411
                ],
                [
                    272.2643835616438,
                    647.4465753424657
                ],
                [
                    236.71095890410956,
                    643.7041095890411
                ],
                [
                    206.7712328767123,
