{
    "imgHeight": 500,
    "imgWidth": 396,
    "objects": [
        {
            "deleted": 0,
            "draw": true,
            "id": 0,
            "label": "food",
            "polygon": [
                [
                    377.0903010033445,
                    0.0
                ],
                [
                    343.6454849498328,
                    6.688963210702341
                ],
                [
                    326.381940413561,
                    14.76977129151042
                ],
                [
                    313.89341883413033,
                    21.014032081225754
                ],
                [
                    304.343372920448,
                    29.094840162033833
                ],
                [
                    296.26256483963994,
                    37.91026715927901
                ],
                [
                    287.8144473006133,
                    48.929550905835484
                ],
                [
                    284.5086621766464,
                    58.11228736129921
                ],
                [
                    282.67211488555364,
                    67.29502381676294
                ],
                [
                    282.67211488555364,
                    77.5796886468823
                ],
                [
                    282.67211488555364,
                    85.66049672769039
                ],
                [
                    282.67211488555364,
                    85.66049672769039
                ],
                [
                    270.5509027643415,
                    80.15085485441215
                ],
                [
                    250.34888256232134,
                    72.80466569004116
                ],
                [
                    236.758432608235,
                    68.39695219141858
                ],
                [
                    229.41224344386404,
                    66.56040490032584
                ],
                [
                    222.80067319593016,
                    65.82578598388874
                ],
                [
                    220.59681644661885,
                    66.92771435854439
                ],
                [
                    221.6987448212745,
                    72.43735623182262
                ],
                [
                    225.73914886167853,
                    75.00852243935246
                ],
                [
                    229.41224344386404,
                    76.8450697304452
                ],
                [
                    229.04493398564549,
                    77.94699810510086
                ],
                [
                    227.20838669455276,
                    79.41623593797505
                ],
                [
                    226.47376777811564,
                    79.7835453961936
                ],
                [
                    226.47376777811564,
                    80.15085485441215
                ],
                [
                    224.26991102880436,
                    82.72202106194199
                ],
                [
                    223.9026015705858,
                    84.19125889481619
                ],
                [
                    224.26991102880436,
                    87.49704401878313
                ],
                [
                    226.47376777811564,
                    90.43551968453153
                ],
                [
                    229.77955290208257,
                    94.47592372493557
                ],
                [
                    231.98340965139388,
                    96.67978047424685
                ],
                [
                    234.92188531714226,
                    98.88363722355815
                ],
                [
                    237.49305152467213,
                    101.82211288930654
                ],
                [
                    237.49305152467213,
                    102.55673180574364
                ],
                [
                    234.18726640070517,
                    106.96444530436624
                ],
                [
                    232.71802856783097,
                    109.16830205367752
                ],
                [
                    228.67762452742693,
                    111.00484934477026
                ],
                [
                    228.3103150692084,
                    111.73946826120736
                ],
                [
                    227.94300561098984,
                    114.3106344687372
                ],
                [
                    229.04493398564549,
                    117.61641959270415
                ],
                [
                    232.71802856783097,
                    120.92220471667109
                ],
                [
                    237.12574206645357,
                    122.39144254954529
                ],
                [
                    240.79883664863905,
                    123.86068038241949
                ],
                [
                    244.47193123082457,
                    124.22798984063803
                ],
                [
                    247.04309743835438,
                    124.59529929885659
                ],
                [
                    251.08350147875842,
                    124.59529929885659
                ],
                [
                    269.8162838479044,
                    123.49337092420093
                ],
                [
                    279.4044120131077,
                    122.76504786386212
                ],
                [
                    281.60826876241896,
                    146.64016264806781
                ],
                [
                    284.17943496994883,
                    165.74025447543235
                ],
                [
                    288.9544579267899,
                    178.22877605486303
                ],
                [
                    296.6679565493795,
                    192.55384492538644
                ],
                [
                    307.3199308377174,
                    201.73658138085017
                ],
                [
                    317.97190512605533,
                    208.34815162878405
                ],
                [
                    331.56235508014163,
                    215.69434079315502
                ],
                [
                    348.0912806999763,
                    222.3059110410889
                ],
                [
                    365.7221346944667,
                    226.7136245397115
                ],
                [
                    394.73958189373207,
                    226.7136245397115
                ],
                [
                    395.0,
                    499.0
                ],
                [
                    0.0,
                    499.0
                ],
                [
                    0.0,
                    321.0702341137124
                ],
                [
                    9.385739425265115,
                    333.2060341941765
                ],
                [
                    20.405023171821586,
                    346.06186523182566
                ],
                [
                    34.36278258412646,
                    360.75424356056766
                ],
                [
                    47.58592307999422,
                    372.8754556817798
                ],
                [
                    63.380229783391826,
                    387.2005245523032
                ],
