{
    "imgHeight": 512,
    "imgWidth": 683,
    "objects": [
        {
            "deleted": 0,
            "draw": true,
            "id": 0,
            "label": "food",
            "polygon": [
                [
                    0.0,
                    393.3245033112583
                ],
                [
                    0.0,
                    141.56291390728478
                ],
                [
                    0.0,
                    57.64238410596027
                ],
                [
                    17.801324503311257,
                    57.64238410596027
                ],
                [
                    70.35761589403974,
                    57.64238410596027
                ],
                [
                    103.41721854304636,
                    57.64238410596027
                ],
                [
                    108.50331125827815,
                    62.728476821192054
                ],
                [
                    111.04635761589404,
                    115.28476821192054
                ],
                [
                    111.04635761589404,
                    144.10596026490066
                ],
                [
                    113.58940397350993,
                    210.2251655629139
                ],
                [
                    112.74172185430463,
                    243.28476821192052
                ],
                [
                    147.49668874172184,
                    232.26490066225165
                ],
                [
                    190.72847682119206,
                    225.48344370860926
                ],
                [
                    223.78807947019868,
                    220.39735099337747
                ],
                [
                    257.6953642384106,
                    205.98675496688742
                ],
                [
                    247.52317880794703,
                    66.11920529801324
                ],
                [
                    243.28476821192052,
                    27.973509933774835
                ],
                [
                    248.3708609271523,
                    22.039735099337747
                ],
                [
                    297.5364238410596,
                    20.344370860927153
                ],
                [
                    345.8543046357616,
                    21.192052980132452
                ],
                [
                    380.6092715231788,
                    21.192052980132452
                ],
                [
                    400.95364238410593,
                    22.887417218543046
                ],
                [
                    411.97350993377484,
                    28.821192052980134
                ],
                [
                    411.97350993377484,
                    42.384105960264904
                ],
                [
                    400.95364238410593,
                    213.6158940397351
                ],
                [
                    437.4039735099338,
                    215.3112582781457
                ],
                [
                    431.4701986754967,
                    282.27814569536423
                ],
                [
                    438.25165562913907,
                    286.5165562913907
                ],
                [
                    440.79470198675494,
                    285.66887417218544
                ],
                [
                    448.42384105960264,
                    244.13245033112582
                ],
                [
                    451.81456953642385,
                    218.7019867549669
                ],
                [
                    483.1788079470199,
                    223.78807947019868
                ],
                [
                    552.6887417218543,
                    244.13245033112582
                ],
                [
                    595.0728476821192,
                    260.2384105960265
                ],
                [
                    616.4061810154526,
                    271.34952170713757
                ],
                [
                    636.8506254598971,
                    285.1272994849154
                ],
                [
                    653.2950699043414,
                    297.1272994849154
                ],
                [
                    668.4061810154526,
                    312.68285504047094
                ],
                [
                    678.1839587932303,
                    325.5717439293598
                ],
                [
                    682.0,
                    331.793966151582
                ],
                [
                    682.0,
                    418.7549668874172
                ],
                [
                    661.9484915378955,
                    444.4650478292863
                ],
                [
                    645.9484915378955,
                    458.68727005150845
                ],
                [
                    623.7262693156732,
                    476.4650478292863
                ],
                [
                    604.1707137601177,
                    489.7983811626196
                ],
                [
                    577.3127299484916,
                    500.53568800588664
                ],
                [
                    552.4238410596026,
                    511.0
                ],
                [
                    120.37086092715232,
                    511.0
                ],
                [
                    98.23399558498896,
                    507.2023546725533
                ],
                [
                    68.45621780721119,
                    492.9801324503311
                ],
                [
                    40.45621780721119,
                    475.2023546725533
                ],
                [
                    19.299484915378954,
                    459.04930095658574
                ],
                [
                    0.0,
                    437.7159676232524
                ]
            ],
            "user": "Administrator",
            "verified": 0
        },
        {
            "deleted": 0,
            "draw": true,
            "id": 1,
            "label": "food",