{
    "imgHeight": 512,
    "imgWidth": 772,
    "objects": [
        {
            "deleted": 0,
            "draw": true,
            "id": 0,
            "label": "food",
            "polygon": [
                [
                    0.0,
                    203.3972602739726
                ],
                [
                    0.0,
                    132.55890410958904
                ],
                [
                    123.44109589041096,
                    0.0
                ],
                [
                    553.3808219178082,
                    0.0
                ],
                [
                    611.5945205479452,
                    162.01643835616437
                ],
                [
                    620.0109589041095,
                    164.82191780821918
                ],
                [
                    627.0246575342466,
                    171.83561643835617
                ],
                [
                    631.2328767123288,
                    176.74520547945207
                ],
                [
                    633.3369863013698,
                    181.65479452054794
                ],
                [
                    637.5452054794521,
                    186.56438356164384
                ],
                [
                    643.1561643835616,
                    190.77260273972604
                ],
                [
                    648.0657534246575,
                    200.5917808219178
                ],
                [
                    652.2739726027397,
                    209.0082191780822
                ],
                [
                    655.0794520547945,
                    216.02191780821917
                ],
                [
                    663.4958904109589,
                    256.7013698630137
                ],
                [
                    663.4958904109589,
                    269.32602739726025
                ],
                [
                    658.586301369863,
                    282.65205479452055
                ],
                [
                    656.482191780822,
                    297.3808219178082
                ],
                [
                    544.2630136986302,
                    511.0
                ],
                [
                    133.96164383561643,
                    511.0
                ],
                [
                    0.0,
                    302.9917808219178
                ]
            ],
            "user": "Administrator",
            "verified": 0
        }
    ]
}