{
    "imgHeight": 0,
    "imgWidth": 0,
    "objects": [
        {
            "deleted": 0,
            "draw": true,
            "id": 0,
            "label": "food",
            "polygon": [
                [
                    138.6571906354515,
                    0.0
                ],
                [
                    135.87290969899666,
                    18.933110367892976
                ],
                [
                    116.38294314381271,
                    26.729096989966557
                ],
                [
                    85.75585284280936,
                    42.32107023411371
                ],
                [
                    65.70903010033445,
                    56.24247491638796
                ],
                [
                    51.7876254180602,
                    67.93645484949833
                ],
                [
                    28.956521739130437,
                    90.7675585284281
                ],
                [
                    18.376254180602007,
                    109.70066889632108
                ],
                [
                    9.466555183946488,
                    124.73578595317726
                ],
                [
                    0.0,
                    148.123745819398
                ],
                [
                    0.0,
                    212.16220735785953
                ],
                [
                    3.3411371237458196,
                    223.8561872909699
                ],
                [
                    9.466555183946488,
                    239.44816053511707
                ],
                [
                    18.933110367892976,
                    253.9264214046823
                ],
                [
                    31.740802675585286,
                    273.41638795986626
                ],
                [
                    44.54849498327759,
                    285.1103678929766
                ],
                [
                    58.87876254180602,
                    297.55434782608694
                ],
                [
                    66.62876254180601,
                    303.05434782608694
                ],
                [
                    78.87876254180601,
                    311.55434782608694
                ],
                [
                    87.628762541806,
                    317.55434782608694
                ],
                [
                    114.7123745819398,
                    332.0
                ],
                [
                    413.18729096989966,
                    332.0
                ],
                [
                    421.0284280936455,
                    328.8294314381271
                ],
                [
                    436.2784280936455,
                    321.3294314381271
                ],
                [
                    449.0284280936455,
                    313.0794314381271
                ],
                [
                    463.7784280936455,
                    302.8294314381271
                ],
                [
                    476.0284280936455,
                    293.8294314381271
                ],
                [
                    499.0,
                    271.18896321070235
                ],
                [
                    499.0,
                    64.91304347826087
                ],
                [
                    478.04347826086956,
                    62.413043478260875
                ],
                [
                    474.54347826086956,
                    60.413043478260875
                ],
                [
                    467.04347826086956,
                    54.663043478260875
                ],
                [
                    459.54347826086956,
                    48.663043478260875
                ],
                [
                    445.9055183946488,
                    40.28678929765886
                ],
                [
                    433.9055183946488,
                    34.03678929765886
                ],
                [
                    422.6555183946488,
                    28.03678929765887
                ],
                [
                    412.4055183946488,
                    22.78678929765887
                ],
                [
                    388.99247491638795,
                    14.193979933110366
                ],
                [
                    371.74247491638795,
                    8.44397993311037
                ],
                [
                    356.99247491638795,
                    4.693979933110372
                ],
                [
                    332.443143812709,
                    0.0
                ],
                [
                    201.5819397993311,
                    0.0
                ],
                [
                    194.10451505016724,
                    1.4548494983277611
                ],
                [
                    179.60451505016724,
                    5.454849498327759
                ],
                [
                    162.10451505016727,
                    9.954849498327757
                ],
                [
                    167.10451505016727,
                    0.0
                ]
            ],
            "user": "Administrator",
            "verified": 0
        }
    ]
}