{
    "imgHeight": 512,
    "imgWidth": 512,
    "objects": [
        {
            "deleted": 0,
            "draw": true,
            "id": 0,
            "label": "food",
            "polygon": [
                [
                    0.0,
                    312.79470198675494
                ],
                [
                    0.0,
                    203.4437086092715
                ],
                [
                    18.059085264900666,
                    164.3918667218543
                ],
                [
                    30.94971026490068,
                    127.28249172185427
                ],
                [
                    43.84033526490069,
                    96.42311672185424
                ],
                [
                    48.18501655629139,
                    79.74855132450331
                ],
                [
                    52.091266556291394,
                    75.84230132450331
                ],
                [
                    55.606891556291394,
                    74.27980132450331
                ],
                [
                    99.74751655629144,
                    79.35792632450331
                ],
                [
                    138.8100165562915,
                    83.65480132450331
                ],
                [
                    179.04439155629154,
                    86.77980132450331
                ],
                [
                    211.13131208609272,
                    88.6080298013245
                ],
                [
                    247.06881208609275,
                    90.9517798013245
                ],
                [
                    305.2719370860928,
                    93.68615480132452
                ],
                [
                    331.44381208609286,
                    93.68615480132452
                ],
                [
                    359.11692880794703,
                    94.79956539735099
                ],
                [
                    355.60130380794703,
                    86.98706539735099
                ],
                [
                    352.86692880794703,
                    76.04956539735097
                ],
                [
                    354.82005380794703,
                    71.36206539735097
                ],
                [
                    358.33567880794703,
                    69.79956539735097
                ],
                [
                    361.07005380794703,
                    63.15894039735096
                ],
                [
                    369.66380380794703,
                    53.39331539735095
                ],
                [
                    383.72630380794703,
                    45.971440397350946
                ],
                [
                    398.5354925496689,
                    42.9740273178808
                ],
                [
                    407.5198675496689,
                    42.5834023178808
                ],
                [
                    412.2073675496689,
                    21.880277317880772
                ],
                [
                    415.4306705298013,
                    0.0
                ],
                [
                    429.8837955298013,
                    0.0
                ],
                [
                    427.1494205298013,
                    39.45312500000004
                ],
                [
                    428.3212955298013,
                    44.92187500000004
                ],
                [
                    436.9150455298013,
                    46.48437500000005
                ],
                [
                    452.5400455298014,
                    51.95312500000005
                ],
                [
                    463.0869205298014,
                    58.59375000000006
                ],
                [
                    467.7744205298014,
                    66.79687500000007
                ],
                [
                    470.1181705298014,
                    78.51562500000009
                ],
                [
                    469.3369205298014,
                    88.28125000000009
                ],
                [
                    466.4908940397351,
                    93.71802566225165
                ],
                [
                    517.6627690397352,
                    92.15552566225165
                ],
                [
                    553.2096440397352,
                    90.20240066225165
                ],
                [
                    565.3190190397352,
                    89.81177566225165
                ],
                [
                    559.4596440397352,
                    83.17115066225165
                ],
                [
                    557.1158940397352,
                    74.18677566225163
                ],
                [
                    557.1158940397352,
                    61.29615066225162
                ],
                [
                    566.0018625827814,
                    25.730753311258297
                ],
                [
                    574.5956125827814,
                    0.0
                ],
                [
                    682.0,
                    0.0
                ],
                [
                    668.1063741721854,
                    34.555670529801326
                ],
                [
                    653.6532491721854,
                    69.71192052980136
                ],
                [
                    643.4969991721854,
                    91.19629552980138
                ],
                [
                    634.5126241721854,
                    100.1806705298014
                ],
                [
                    618.4969991721854,
                    104.8681705298014
                ],
                [
                    604.4344991721853,
                    105.6494205298014
                ],
                [
                    612.2469991721853,
                    135.33692052980143
                ],
                [
                    623.9657491721854,
                    176.74317052980146
                ],
                [
                    652.7152317880794,
                    266.17218543046357
                ],
                [
                    682.0,
                    353.4834437086093
                ],
                [
                    682.0,
                    452.6622516556291
                ],
                [
                    597.615894039735,
                    455.20529801324506
                ],
                [
                    422.1456953642384,
                    456.05298013245033
                ],
                [
                    251.76158940397352,
                    450.9668874172185
                ],
                [
                    103.41721854304636,
                    450.11920529801324
                ],
                [
                    0.0,
                    445.88079470198676
                ]
            ],
            "user": "Administrator",
            "verified": 0
        }
    ]
}