{
    "imgHeight": 0,
    "imgWidth": 0,
    "objects": [
        {
            "deleted": 0,
            "draw": true,
            "id": 0,
            "label": "food",
            "polygon": [
                [
                    184.79470198675497,
                    469.6158940397351
                ],
                [
                    97.48344370860927,
                    429.7748344370861
                ],
                [
                    23.735099337748345,
                    389.9337748344371
                ],
                [
                    0.0,
                    371.28476821192055
                ],
                [
                    0.0,
                    172.9271523178808
                ],
                [
                    34.00735835172921,
                    160.89477557027226
                ],
                [
                    83.785136129507,
                    140.89477557027226
                ],
                [
                    98.45180279617365,
                    135.11699779249446
                ],
                [
                    0.0,
                    89.8543046357616
                ],
                [
                    0.0,
                    79.9205298013245
                ],
                [
                    45.03605592347314,
                    99.03164091243562
                ],
                [
                    108.5916114790287,
                    127.47608535688006
                ],
                [
                    116.14716703458424,
                    119.47608535688006
                ],
                [
                    122.36938925680647,
                    117.69830757910228
                ],
                [
                    129.03605592347313,
                    116.80941869021339
                ],
                [
                    129.92494481236204,
                    112.80941869021339
                ],
                [
                    140.14716703458424,
                    109.25386313465783
                ],
                [
                    154.36938925680647,
                    105.69830757910228
                ],
                [
                    160.5916114790287,
                    105.69830757910228
                ],
                [
                    168.0382634289919,
                    99.90286975717439
                ],
                [
                    180.48270787343634,
                    93.23620309050773
                ],
                [
                    186.26048565121414,
                    83.90286975717439
                ],
                [
                    196.0382634289919,
                    75.90286975717439
                ],
                [
                    203.59381898454745,
                    75.45842531272994
                ],
                [
                    222.26048565121414,
                    73.68064753495217
                ],
                [
                    229.37159676232523,
                    60.347314201618836
                ],
                [
                    234.61074319352466,
                    49.24797645327447
                ],
                [
                    251.944076526858,
                    34.581309786607804
                ],
                [
                    167.841059602649,
                    0.0
                ],
                [
                    191.57615894039736,
                    0.847682119205298
                ],
                [
                    255.1523178807947,
                    25.43046357615894
                ],
                [
                    261.8513612950699,
                    15.579102281089035
                ],
                [
                    268.07358351729215,
                    15.13465783664459
                ],
                [
                    273.8513612950699,
                    12.023546725533478
                ],
                [
                    278.2958057395144,
                    14.245768947755701
                ],
                [
                    281.8513612950699,
                    22.690213392200146
                ],
                [
                    290.7402501839588,
                    23.13465783664459
                ],
                [
                    296.962472406181,
                    27.134657836644593
                ],
                [
                    298.7402501839588,
                    33.356880058866814
                ],
                [
                    306.2958057395144,
                    38.2457689477557
                ],
                [
                    314.2958057395144,
                    36.912435614422364
                ],
                [
                    317.8513612950699,
                    32.912435614422364
                ],
                [
                    318.2958057395144,
                    28.46799116997792
                ],
                [
                    324.5180279617366,
                    27.134657836644593
                ],
                [
                    330.7402501839588,
                    27.579102281089035
                ],
                [
                    335.6291390728477,
                    31.579102281089035
                ],
                [
                    341.93671817512876,
                    33.94849153789551
                ],
                [
                    348.60338484179545,
                    34.8373804267844
                ],
                [
                    346.8256070640177,
                    25.05960264900662
                ],
                [
                    345.4922737306843,
                    15.281824871228842
                ],
                [
                    345.89551140544523,
                    6.9050772626931565
                ],
                [
                    345.4510669610008,
                    0.0
                ],
                [
                    475.5496688741722,
                    0.0
                ],
                [
                    590.8344370860927,
                    0.0
                ],
                [
                    593.6983075791023,
                    10.822663723325975
                ],
                [
                    605.2538631346579,
                    14.37821927888153
                ],
                [
                    630.5871964679911,
                    16.600441501103752
                ],
                [
                    644.0323767476085,
                    23.735099337748345
                ],
                [
                    646.6990434142751,
                    30.401766004415013
                ],
                [
                    658.2545989698308,
                    41.06843267108168
                ],
                [
                    668.9212656364974,
                    42.84621044885945
                ],
                [
                    689.6835908756439,
                    37.70125091979397
                ],
                [
                    694.1280353200883,
                    35.92347314201619
                ],
                [
                    702.1515820456218,
                    40.129506990434145
                ],
                [
                    707.9293598233996,
                    43.24061810154526
                ],
                [
                    741.2626931567329,
                    49.01839587932304
                ],
                [
                    755.4849153789552,
