{
    "imgHeight": 512,
    "imgWidth": 512,
    "objects": [
        {
            "deleted": 0,
            "draw": true,
            "id": 0,
            "label": "food",
            "polygon": [
                [
                    157.4746136865342,
                    483.63502575423104
                ],
                [
                    133.03016924208978,
                    473.85724797645327
                ],
                [
                    116.14128035320088,
                    460.9683590875644
                ],
                [
                    96.14128035320088,
                    451.1905813097866
                ],
                [
                    76.14128035320088,
                    438.3016924208977
                ],
                [
                    63.252391464312,
                    425.4128035320088
                ],
                [
                    57.91905813097867,
                    414.3016924208977
                ],
                [
                    58.36350257542311,
                    400.9683590875644
                ],
                [
                    65.91905813097867,
                    386.3016924208977
                ],
                [
                    80.14128035320088,
                    373.85724797645327
                ],
                [
                    100.14128035320088,
                    362.3016924208977
                ],
                [
                    109.91905813097867,
                    358.7461368653422
                ],
                [
                    113.91905813097867,
                    355.1905813097866
                ],
                [
                    112.58572479764533,
                    350.3016924208977
                ],
                [
                    117.47461368653423,
                    341.85724797645327
                ],
                [
                    123.69683590875644,
                    335.1905813097866
                ],
                [
                    128.1412803532009,
                    333.4128035320088
                ],
                [
                    132.1412803532009,
                    337.85724797645327
                ],
                [
                    140.1412803532009,
                    340.9683590875644
                ],
                [
                    146.80794701986756,
                    340.9683590875644
                ],
                [
                    153.4746136865342,
                    339.1905813097866
                ],
                [
                    163.25239146431198,
                    341.4128035320088
                ],
                [
                    182.27520235467256,
                    339.04930095658574
                ],
                [
                    198.719646799117,
                    332.8270787343635
                ],
                [
                    211.60853568800587,
                    329.7159676232524
                ],
                [
                    219.16409124356144,
                    326.6048565121413
                ],
                [
                    226.719646799117,
                    327.04930095658574
                ],
                [
                    237.38631346578367,
                    332.8270787343635
                ],
                [
                    248.94186902133922,
                    334.6048565121413
                ],
                [
                    271.1640912435614,
                    333.27152317880797
                ],
                [
                    289.1420161883738,
                    329.3038999264165
                ],
                [
                    308.25312729948496,
                    319.08167770419425
                ],
                [
                    326.47534952170713,
                    308.859455481972
                ],
                [
                    341.5864606328183,
                    301.3038999264165
                ],
                [
                    362.03090507726273,
                    296.4150110375276
                ],
                [
                    379.8086828550405,
                    296.4150110375276
                ],
                [
                    391.8086828550405,
                    299.5261221486387
                ],
                [
                    393.5864606328183,
                    303.97056659308316
                ],
                [
                    390.03090507726273,
                    309.3038999264165
                ],
                [
                    401.5864606328183,
                    312.4150110375276
                ],
                [
                    417.5864606328183,
                    318.63723325974985
                ],
                [
                    423.36423841059604,
                    324.4150110375276
                ],
                [
                    423.9882266372333,
                    328.8094186902134
                ],
                [
                    429.3215599705666,
                    331.47608535688005
                ],
                [
                    425.3215599705666,
                    337.6983075791023
                ],
                [
                    413.7660044150111,
                    338.5871964679912
                ],
                [
                    413.3215599705666,
                    342.14275202354673
                ],
                [
                    418.65489330389994,
                    346.5871964679912
                ],
                [
                    431.0993377483444,
                    352.36497424576896
                ],
                [
                    446.2104488594555,
                    356.36497424576896
                ],
                [
                    466.65489330389994,
                    365.6983075791023
                ],
                [
                    478.65489330389994,
                    372.8094186902134
                ],
                [
                    489.3215599705666,
                    380.8094186902134
                ],
                [
                    499.9882266372333,
                    391.47608535688005
                ],
                [
                    504.87711552612217,
                    399.9205298013245
                ],
                [
                    506.65489330389994,
                    413.6983075791023
                ],
                [
                    500.4326710816777,
                    429.2538631346578
                ],
                [
                    489.3215599705666,
                    440.8094186902134
                ],
                [
                    470.7520235467255,
                    451.3701250919794
                ],
                [
                    440.97424576894775,
                    467.81456953642385
                ],
                [
                    414.7520235467255,
                    482.92568064753493
                ],
                [
                    381.3333333333333,
                    494.2398822663724
                ],
                [
                    328.0,
                    502.6843267108168
                ],
                [
                    279.55555555555554,
                    505.7954378219279
                ],
                [
                    237.24503311258277,
                    502.6754966887417
                ],
                [
                    197.6894775570272,
